,Title,Year,imdbID,Type,Poster
0,PAW Patrol: The Movie,2021,tt11832046,movie,https://m.media-amazon.com/images/M/MV5BYTJmM2Q1YTMtZjQ1Yi00NGYzLTlhZWEtOTc1NGJkMjYzMTQ4XkEyXkFqcGc@._V1_SX300.jpg
1,The Loud House Movie,2021,tt6714432,movie,https://m.media-amazon.com/images/M/MV5BOTg4MTlhMDItNDM1YS00YTM4LWExMmItYTlkMWZhZGRkYWNmXkEyXkFqcGdeQXVyMTM0MTUyMjk1._V1_SX300.jpg
2,2gether: The Movie,2021,tt14296268,movie,https://m.media-amazon.com/images/M/MV5BNzg1ZmIxMzQtY2RkYy00YzA3LTlmMzgtMTllMmVkMTZmNGY2XkEyXkFqcGdeQXVyNTkzNjEwMjI@._V1_SX300.jpg
3,A Cop Movie,2021,tt14035242,movie,https://m.media-amazon.com/images/M/MV5BZWM5OGI0Y2UtYzM4OS00M2ZmLTk0M2YtN2U2YTdkMDViZTk3XkEyXkFqcGdeQXVyMTU3NDU4MDg2._V1_SX300.jpg
4,Shatagni - The Movie,2021,tt14650250,movie,https://m.media-amazon.com/images/M/MV5BMTIxMzQwOWYtOTAxNC00OGE3LTkzOWYtMzJhNzEyNWM4NGE1XkEyXkFqcGdeQXVyMTI2MzEwMDQx._V1_SX300.jpg
5,Blackpink: The Movie,2021,tt14880612,movie,https://m.media-amazon.com/images/M/MV5BMDZjMDExMGUtN2RkYy00YjgwLWJiMzktMmU3ODNjNzAzOWJlXkEyXkFqcGdeQXVyNTYzMTAwNjg@._V1_SX300.jpg
6,Untitled Horror Movie,2021,tt12624584,movie,https://m.media-amazon.com/images/M/MV5BZGM2ZGViYzEtOGEyMC00OThiLTk1MzktNzU0MDk1MTlhOWI5XkEyXkFqcGdeQXVyMTQ0NDgxODE@._V1_SX300.jpg
7,a-ha: The Movie,2021,tt10851414,movie,https://m.media-amazon.com/images/M/MV5BODBlMDA2NzktNGRjYi00NzU2LThkZmQtZGY5ZmQ1YTZlZGM3XkEyXkFqcGdeQXVyNjIwMDE0MzQ@._V1_SX300.jpg
8,Super Heroes: The Movie,2021,tt14087490,movie,https://m.media-amazon.com/images/M/MV5BMDdmOTM5NmQtYTNjNC00MDE2LWFiZGYtNmNhZTE0ZTY2ZWE2XkEyXkFqcGdeQXVyMTI5NjMwMDI3._V1_SX300.jpg
9,The Balcony Movie,2021,tt15180952,movie,https://m.media-amazon.com/images/M/MV5BNDJmZTk2ODMtOTE4My00MDJhLTg3YWQtNTYwMWM3ZjkwMmVmXkEyXkFqcGdeQXVyMTc4MzI2NQ@@._V1_SX300.jpg
10,Animals on the Loose: A You vs. Wild Movie,2021,tt13853720,movie,https://m.media-amazon.com/images/M/MV5BOTE1ODBmMzMtNWU5ZS00NmIyLTkxMzItMjAyNjY4ZDY0NjEyXkEyXkFqcGdeQXVyMTE5NDQ1MzQ3._V1_SX300.jpg
11,The Super Bob Einstein Movie,2021,tt16533296,movie,https://m.media-amazon.com/images/M/MV5BMTQ5ZjJhY2EtYWE5MS00ZjNhLWFhZTQtYWQ5ODE1Yzc1N2MzXkEyXkFqcGdeQXVyNjEwNTM2Mzc@._V1_SX300.jpg
12,The House of Flowers: The Movie,2021,tt14549558,movie,https://m.media-amazon.com/images/M/MV5BN2M4NDI1MGQtODU3My00MWEzLTk4MjEtMzlmYmI0NTU3Y2QxXkEyXkFqcGdeQXVyMTkxNjUyNQ@@._V1_SX300.jpg
13,Christmas Movie Magic,2021,tt15515522,movie,https://m.media-amazon.com/images/M/MV5BZmY2NGYzMjQtMjU0Mi00YWJmLWFmYzYtNWY0Yjk4Mzc0YzFmXkEyXkFqcGdeQXVyMjQxODI3Ng@@._V1_SX300.jpg
14,Wendy Williams: The Movie,2021,tt13084756,movie,https://m.media-amazon.com/images/M/MV5BMDg4MTQ0MzctMDk4Yy00OTQ1LWEzZGItN2ZhYmU2OTRmMTUwXkEyXkFqcGdeQXVyMTQxNzMzNDI@._V1_SX300.jpg
15,Nussa: The Movie,2021,tt11710090,movie,https://m.media-amazon.com/images/M/MV5BZWZiODkxNjgtYmQ2OS00YmNlLThhZDMtMzNiN2Q5OGYzMzE2XkEyXkFqcGdeQXVyMTEzMTI1Mjk3._V1_SX300.jpg
16,"Hello, Stranger: The Movie",2021,tt12951932,movie,https://m.media-amazon.com/images/M/MV5BMWUzNTU3ZDUtNDNkNS00ODE4LWI4OTgtM2FiNGNjY2FmNDBiXkEyXkFqcGdeQXVyNTI5NjIyMw@@._V1_SX300.jpg
17,Gameboys: The Movie,2021,tt14813878,movie,https://m.media-amazon.com/images/M/MV5BMDkwYzQwN2UtYjExOS00MzZlLWI0NDgtZGI2NjI5ZDM2YTJkXkEyXkFqcGdeQXVyNTI5NjIyMw@@._V1_SX300.jpg
18,Bai Ivan - The Movie,2021,tt15381956,movie,https://m.media-amazon.com/images/M/MV5BMWM2MWY2ZTgtZjQwMS00NTY4LTllNTYtM2ZkMzJhYWY5NWQ4XkEyXkFqcGdeQXVyOTA1MDE3OA@@._V1_SX300.jpg
19,Fate/Grand Order The Movie Divine Realm Of The Round Table: Camelot Paladin; Agateram,2021,tt13997358,movie,https://m.media-amazon.com/images/M/MV5BYzgyZDA4YTctNWMxMi00NTMwLTg1NWEtNDc0NTA3NzIzMzUzXkEyXkFqcGdeQXVyNzEyMDQ1MDA@._V1_SX300.jpg
20,Killer Movie: Director's Cut,2021,tt14629580,movie,https://m.media-amazon.com/images/M/MV5BNzc0MTgxNDktNjJhMi00ZTRlLWE3YmEtYmFmMTc2NDc3OWY5XkEyXkFqcGdeQXVyODM4MjYxMA@@._V1_SX300.jpg
21,"Caution, Hazardous Wife: The Movie",2021,tt11477842,movie,https://m.media-amazon.com/images/M/MV5BZDYzZDA3OGMtNGQwMS00YTYzLTkxZDItZDFlNDllZjNkNzNmXkEyXkFqcGdeQXVyMTIyNjQ1OTMy._V1_SX300.jpg
22,Steve McQueen: The Lost Movie,2021,tt12381962,movie,https://m.media-amazon.com/images/M/MV5BYTk3ODAyZDMtZDY3MC00MmZiLTg1ZDUtOWFmYzBmMTA3ZjQ3XkEyXkFqcGdeQXVyMDMxMTgwOQ@@._V1_SX300.jpg
23,Tersanjung: The Movie,2021,tt11668994,movie,https://m.media-amazon.com/images/M/MV5BMjkyZjBhN2ItZGY5ZS00NjYwLTljYjItMzI4N2ZhODFmODIxXkEyXkFqcGdeQXVyMTEzMTI1Mjk3._V1_SX300.jpg
24,Pornographer the Movie: Playback,2021,tt13213122,movie,https://m.media-amazon.com/images/M/MV5BYTk2YTRkN2QtZWMxMC00ODRlLWJkZDEtZjY3OTdiYWRjNmUwXkEyXkFqcGdeQXVyNDMyNTkyMw@@._V1_SX300.jpg
25,Revue Starlight the Movie,2021,tt13593042,movie,https://m.media-amazon.com/images/M/MV5BYzFkNjZjY2MtZTEzMy00ZjU5LThlN2UtMDQxNWYzYTlmMmNjXkEyXkFqcGdeQXVyNzEyMDQ1MDA@._V1_SX300.jpg
26,The Pedal Movie,2021,tt11811310,movie,https://m.media-amazon.com/images/M/MV5BZDgwMWRmN2QtMzA1My00NGU4LTg5YWEtNTllZWVmMjg1ODE1XkEyXkFqcGdeQXVyNDg3NzA2OTg@._V1_SX300.jpg
27,L.O.L. Surprise: The Movie,2021,tt15576986,movie,https://m.media-amazon.com/images/M/MV5BYzA5MWE3YjQtMTU2MS00MGUyLTg2NDgtOTdjNTgzZjJmYTBhXkEyXkFqcGdeQXVyMjcwNTQ2NzI@._V1_SX300.jpg
28,Signal: The Movie,2021,tt13529316,movie,https://m.media-amazon.com/images/M/MV5BMjhmYjczYWEtODFkYy00NzkwLWJkYmEtOWE4MDE2OTNmYzIxXkEyXkFqcGdeQXVyNjE4OTY3NTg@._V1_SX300.jpg
29,99.9 Criminal Lawyer: The Movie,2021,tt15434284,movie,https://m.media-amazon.com/images/M/MV5BNjdlNzg2MmMtNDI3Mi00Njg0LWIxZTktYTVlNmE3NmFhZjM5XkEyXkFqcGdeQXVyMTI5NzgwNTkz._V1_SX300.jpg
30,Discord: The Movie,2021,tt15101430,movie,https://m.media-amazon.com/images/M/MV5BNTkwY2NkNTQtY2YxZS00NjQ0LWJhZDEtMjUzYjUyY2NiNjJjXkEyXkFqcGdeQXVyMzkxMjk1MzU@._V1_SX300.jpg
31,No Strings the Movie,2021,tt11773084,movie,https://m.media-amazon.com/images/M/MV5BZjg5NWM3ZWQtYjFhNS00MDllLThmODYtZGVlZjA5ZTg0NTc1XkEyXkFqcGdeQXVyMTA4MTQ1OTQ2._V1_SX300.jpg
32,Adit Sopo Jarwo: The Movie,2021,tt13465228,movie,https://m.media-amazon.com/images/M/MV5BMjBkODE5Y2EtODgzOS00ZmU1LTg1YWItNDVjMzdkZDZkNWJkXkEyXkFqcGdeQXVyMTI4MjIyNTM1._V1_SX300.jpg
33,He's Into Her: The Movie Cut,2021,tt16175706,movie,https://m.media-amazon.com/images/M/MV5BNzYxYjczZDUtYzE3Yy00MjEyLThjYTEtYzM5MzMwYzJlZmM0XkEyXkFqcGdeQXVyNTI5NjIyMw@@._V1_SX300.jpg
34,Sam & Mattie Make a Zombie Movie,2021,tt10613030,movie,https://m.media-amazon.com/images/M/MV5BZGU5MmFhOWQtOTgyNy00ZDllLThmY2YtMWU4NTRiNzMwODEwXkEyXkFqcGdeQXVyODE1NTUxNg@@._V1_SX300.jpg
35,Backwoods Bubba (Full movie),2021,tt11609250,movie,https://m.media-amazon.com/images/M/MV5BYmNhMDI4NzItNzdlNi00NzIyLThjZmQtZDdjZDFhMTBkMjA2XkEyXkFqcGdeQXVyOTgzNTAzNDA@._V1_SX300.jpg
36,Lupin's Daughter: The Movie,2021,tt15033850,movie,https://m.media-amazon.com/images/M/MV5BZTE3MGQyMDItMzQ0Ni00NTIxLTliYTYtYjExMTAwNmI3YjU0XkEyXkFqcGdeQXVyNjE4OTY3NTg@._V1_SX300.jpg
37,Fries! The Movie,2021,tt9435970,movie,https://m.media-amazon.com/images/M/MV5BOWI0NDA5ZTktMGQ3MS00YzM2LWI3NjctNmE3OTkwZGM4Zjg5XkEyXkFqcGdeQXVyOTUzNjEwMjU@._V1_SX300.jpg
38,2021 MTV Movie & TV Awards,2021,tt14489294,movie,https://m.media-amazon.com/images/M/MV5BOWQwMGUyZDgtYzIzNC00MDVhLTk2ZGUtNjVjNDlkYjE2Nzk4XkEyXkFqcGdeQXVyMTkxNjUyNQ@@._V1_SX300.jpg
39,A Spy Movie,2021,tt16867902,movie,https://m.media-amazon.com/images/M/MV5BNmQ3MTQ0OWYtMjU2MC00N2QzLWE5ZGEtZTA4NTA0MmE1ODhkXkEyXkFqcGdeQXVyMjIyNDkyODk@._V1_SX300.jpg
40,Deadpool Movie in Lego,2021,tt13414858,movie,https://m.media-amazon.com/images/M/MV5BMjU2MmI5MjItNzc3ZC00NDgwLTkyMWEtNWMwMmUyMDg1OWZkXkEyXkFqcGdeQXVyNzEwMzUxMzU@._V1_SX300.jpg
41,Odd Pod: The Movie... kinda,2021,tt13386836,movie,https://m.media-amazon.com/images/M/MV5BOGVjZThiNmQtZDQ2ZC00NmY0LWIyNDYtNmU2YjhhZTBhMzFmXkEyXkFqcGdeQXVyNTkxMzYyMDk@._V1_SX300.jpg
42,2020: The Movie,2021,tt14292616,movie,https://m.media-amazon.com/images/M/MV5BNTIxYjdmODQtZDExZC00YzUwLTg5MzctNzQ0NTg3NmJlMDA1XkEyXkFqcGdeQXVyNzMwODg0MzM@._V1_SX300.jpg
43,SMG4 Movie: 10 Year Anniversary Special,2021,tt14604222,movie,https://m.media-amazon.com/images/M/MV5BMTQ4MmY1NGEtMzQ0OC00NzJlLTk0NWItZTZlOTUwODY5NmQwXkEyXkFqcGdeQXVyNzgxNDk0NTI@._V1_SX300.jpg
44,The Sketch Comedy Movie,2021,tt13304532,movie,https://m.media-amazon.com/images/M/MV5BOWY2MTg3ZTgtZDZiMC00MGFjLWEzZjktNDNhODAwMWNiN2E5XkEyXkFqcGdeQXVyMTk2MzA5NTk@._V1_SX300.jpg
45,Charlie's Movie,2021,tt12695014,movie,https://m.media-amazon.com/images/M/MV5BNDFiNDVhNWQtNzhmMS00MzgxLTk3YmItMTU0ZGY2NTFiNThkXkEyXkFqcGdeQXVyMDk1MjA1MQ@@._V1_SX300.jpg
46,The Sailor Dreps Show: The Movie,2021,tt15575232,movie,https://m.media-amazon.com/images/M/MV5BNDRmMzA2YWYtNzAzNy00ZGRlLTg3N2QtMTYwYjQ1N2RjMTc0XkEyXkFqcGdeQXVyODg4ODY4NTQ@._V1_SX300.jpg
47,Maf's SuperMarioLogan Movie,2021,tt13706384,movie,https://m.media-amazon.com/images/M/MV5BYWQ3YjgyNzUtMjRmYi00Mzg2LWE2MmItYmRjNjViMWEwYjI0XkEyXkFqcGdeQXVyMTE4NTI0Nzg1._V1_SX300.jpg
48,Broken Covenant the Movie,2021,tt15457158,movie,https://m.media-amazon.com/images/M/MV5BYjFhYmE5OGQtOGYyYi00OGI2LThiNzYtOTI2YzE2NDYzMTBkXkEyXkFqcGdeQXVyODg5ODYwMjg@._V1_SX300.jpg
49,Trust Issues the Movie,2021,tt16105998,movie,https://m.media-amazon.com/images/M/MV5BZWRlOTYzZjMtM2FhNi00MWU1LWFjMTMtYzYyNDQ3NjI4NzFjXkEyXkFqcGdeQXVyMTQzNTY2OTI5._V1_SX300.jpg
50,DeMonD the movie,2021,tt16532108,movie,https://m.media-amazon.com/images/M/MV5BZDhjNWEwODMtMzc3NS00M2VkLWE0OTgtYTA5MDE4NGZjMTdmXkEyXkFqcGdeQXVyMTQ3NDM0NzA0._V1_SX300.jpg
51,Kikai Sentai Zenkaiger: The Movie,2021,tt13711080,movie,https://m.media-amazon.com/images/M/MV5BZjdkOTQ0OTktZjIwMC00MzJmLTk2NjEtOTc5ZWQ0OGZhYjk0XkEyXkFqcGdeQXVyNzkyMDA5MTc@._V1_SX300.jpg
52,Kamen Rider Revice: The Movie,2021,tt15113228,movie,https://m.media-amazon.com/images/M/MV5BOTdhMWE0NDMtYmIxNy00YzAxLWFkYTMtZjQxMzMwYjNlMjZjXkEyXkFqcGdeQXVyNzkyMDA5MTc@._V1_SX300.jpg
53,The Amnesia Fortnight Movie,2021,tt14506316,movie,https://m.media-amazon.com/images/M/MV5BZDRlYzZiZGEtOTBkNS00MjNjLWFiYzItZjQ1Yzg3NTNlYTMxXkEyXkFqcGdeQXVyMjQ1OTk5NzA@._V1_SX300.jpg
54,Brandon Bott Gets Grounded: The Movie,2021,tt15096542,movie,https://m.media-amazon.com/images/M/MV5BMGFhOTNkZTYtOWEyZi00ZGM5LWE5NmEtZGNhOTM4Njc1OWFmXkEyXkFqcGdeQXVyMTMwODMzNTc2._V1_SX300.jpg
55,Tinsel - The Lost Movie About Hollywood,2021,tt1914388,movie,https://m.media-amazon.com/images/M/MV5BZGJjNWM3NDgtMDlkOC00NjdlLTg1OGEtODNmMzU2ZTIyMDE1XkEyXkFqcGdeQXVyMjU2MDk1ODg@._V1_SX300.jpg
56,Karma the Chakra Full Movie 2021,2021,tt22488946,movie,https://m.media-amazon.com/images/M/MV5BNjQ2MzkyYzQtNTFiNS00NWEyLWJlMWQtODk4OTNjYzlhYWFlXkEyXkFqcGdeQXVyMTU2OTY4MDkx._V1_SX300.jpg
57,The Ultimate 'SpongeBob SquarePants Movie' Recap Cartoon,2021,tt14132254,movie,https://m.media-amazon.com/images/M/MV5BYzYxNDY3ODItZTJhZi00ZTk5LThlOTctZGE5ZWZiZDdkNGQ5XkEyXkFqcGdeQXVyNjUzMTgyOTU@._V1_SX300.jpg
58,"I Wanna Make a Movie, or I Wanna Die Trying",2021,tt11151074,movie,https://m.media-amazon.com/images/M/MV5BMmNiNTM3MmUtNDdlNS00ZGIwLTk5ZjEtZTMyNTkxYTUyZmZkXkEyXkFqcGdeQXVyMjExMzk4MTk@._V1_SX300.jpg
59,The Woman of S.R.I.: The Movie,2021,tt15102956,movie,https://m.media-amazon.com/images/M/MV5BYzY3NzEzYzUtM2U2ZC00ZGMwLThmZDItNzhkYzUxOGVlOWY5XkEyXkFqcGdeQXVyNjE4OTY3NTg@._V1_SX300.jpg
60,The SML YTP Movie,2021,tt16259608,movie,https://m.media-amazon.com/images/M/MV5BM2UzNWNlZjctOTczZC00MWRmLWE0OTYtNTBlMGY0Njc1YjM3XkEyXkFqcGdeQXVyMTQ1NDk2NTgx._V1_SX300.jpg
61,The Love of a King Christmas Movie Musical,2021,tt16451308,movie,https://m.media-amazon.com/images/M/MV5BNTdhMWI1OTEtMmRkZS00OWM0LWIzZmMtNzdhYjJhZDQ5Y2IzXkEyXkFqcGdeQXVyNTU0NTMzNjk@._V1_SX300.jpg
62,Action Movie Cazorla,2021,tt12967694,movie,https://m.media-amazon.com/images/M/MV5BNTFkMzFjYzEtMDUxOS00MjlhLThhOWItNjFjMjk0ZGY3YTRlXkEyXkFqcGdeQXVyOTA0OTQ0NTM@._V1_SX300.jpg
63,Boy Harsher Big Bad John Movie (2021 Mega Mix),2021,tt13959416,movie,https://m.media-amazon.com/images/M/MV5BZTcyMzFlMmEtMzRiYi00NzcxLWJiNGMtMTNiNjAwM2Q3Y2RkXkEyXkFqcGdeQXVyMzMyODg4NDM@._V1_SX300.jpg
64,2021 MTV Movie & TV Awards: Unscripted,2021,tt14555938,movie,N/A
65,Hayah Movie,2021,tt14748314,movie,https://m.media-amazon.com/images/M/MV5BNzdjZTY0ZmEtODJhYS00MDg5LThhNjAtNzc0NzJjMzY4OGQxXkEyXkFqcGdeQXVyMTMzMTUwMjk4._V1_SX300.jpg
66,Woman with A Movie Camera,2021,tt15850402,movie,https://m.media-amazon.com/images/M/MV5BMGY0OTg1MDktMjdiNi00MDgzLWEyYmQtM2Q4Yzc5NzhlNjIxXkEyXkFqcGdeQXVyOTQ4NTYzMzc@._V1_SX300.jpg
67,Movie for a Dreary Afternoon,2021,tt15314648,movie,https://m.media-amazon.com/images/M/MV5BNTIzZmYxNmQtYzRjOC00YTlkLTg1MDgtNmIzMzI1MDdmZTBjXkEyXkFqcGdeQXVyNjU1MDQ5OTk@._V1_SX300.jpg
68,Unknown from Emi: The Movie,2021,tt16077294,movie,https://m.media-amazon.com/images/M/MV5BNWI4MjI4MmYtZDEwMi00YmNlLWEwZjAtMTExZDZiMzVjYWFiXkEyXkFqcGdeQXVyMTEwOTkwNTI4._V1_SX300.jpg
69,A Dragonball Gohanverse Movie: Android 21,2021,tt15372138,movie,https://m.media-amazon.com/images/M/MV5BYWE3ZmQ0N2QtODdlNC00ZDc1LWFjNDAtYWYxZTk5NTBmZWY5XkEyXkFqcGdeQXVyMTIzMzcwODM1._V1_SX300.jpg
70,Never Alone Movie,2021,tt14134868,movie,https://m.media-amazon.com/images/M/MV5BNjBkYTlhMDktZjBhMi00MjYxLTg5YjEtZGIyZmZkNGYzMmYzXkEyXkFqcGdeQXVyMTAxOTEzNDYz._V1_SX300.jpg
71,The Last Movie Ride,2021,tt12422076,movie,https://m.media-amazon.com/images/M/MV5BOWNhNTM5OWMtZTczYi00OTM2LTlmMTYtZWQzZTkwYWE5NmJjXkEyXkFqcGdeQXVyNTc2Mjk3MA@@._V1_SX300.jpg
72,S.A.D - The Movie,2021,tt13738140,movie,https://m.media-amazon.com/images/M/MV5BYjE3NWJmMTktMWQwMy00YzI0LTk0YWUtYTAwNGIxNjMwZDE3XkEyXkFqcGdeQXVyMTI2NDYyMzE3._V1_SX300.jpg
73,Rocky Horror 45: The Movie,2021,tt14747020,movie,https://m.media-amazon.com/images/M/MV5BZDg5MTliYTUtYjRlMy00NjNjLWE2MjctZWIyYjg1NGRmYzE1XkEyXkFqcGdeQXVyMjk4MzgyMjU@._V1_SX300.jpg
74,Movie_01,2021,tt14747496,movie,https://m.media-amazon.com/images/M/MV5BMjg4MWFiZGItNTc4OC00MzkxLTgyY2UtMzgxMjc2NGI1Y2Y2XkEyXkFqcGdeQXVyMTMzMTQzMjc5._V1_SX300.jpg
75,Movie_02,2021,tt14758390,movie,https://m.media-amazon.com/images/M/MV5BY2NjM2VhOTQtZDhkMy00MWI2LThhNGYtM2VmMTMzN2UyMTU2XkEyXkFqcGdeQXVyMTMzMTQzMjc5._V1_SX300.jpg
76,Rat Movie: Reanimated Collab,2021,tt14811356,movie,https://m.media-amazon.com/images/M/MV5BNmYyODcxNjUtZDg4OS00YjVkLTk0Y2YtYjAzMDMxOWQ2MzRlXkEyXkFqcGdeQXVyOTY2MTk5Njg@._V1_SX300.jpg
77,So you wanna make a movie?,2021,tt14825510,movie,https://m.media-amazon.com/images/M/MV5BOWM1NTk0Y2MtNmIxNS00ZjhkLWFlZWUtMmRlNDhkMDQxNTNmXkEyXkFqcGdeQXVyMTMyNjgwOTk3._V1_SX300.jpg
78,Super Mario Into the Literal Triangle - A Mario Plush Movie,2021,tt14837072,movie,https://m.media-amazon.com/images/M/MV5BMzcyZDAyYzctZTI1NS00MTU2LTk2YjUtOWRlZWFmNTg4MTE5XkEyXkFqcGdeQXVyMzc1MDQyNTM@._V1_SX300.jpg
79,The ZhanXG Movie,2021,tt14865966,movie,N/A
80,Martels Movie Madness - The Movie: Part One - The Beginning,2021,tt14623338,movie,https://m.media-amazon.com/images/M/MV5BMjU0YmYxNTgtZWM5NC00NmIzLWI1NzctYjE0YTcyYmI4MWQzXkEyXkFqcGdeQXVyNzA0MTY4MDg@._V1_SX300.jpg
81,Separated Movie,2021,tt14630220,movie,https://m.media-amazon.com/images/M/MV5BOThjMDZkYmYtYjdjZS00MzcwLWI4NGEtYjlkYTE1NjVjZTFhXkEyXkFqcGdeQXVyNjMwOTMwNDM@._V1_SX300.jpg
82,Nick Kage: The Movie,2021,tt14707096,movie,N/A
83,Kongsuni The Movie: Toy World Adventure,2021,tt14739080,movie,N/A
84,Fate/Grand Order The Movie Divine Realm Of The Round Table: Camelot Paladin; Agateram,2021,tt14739280,movie,N/A
85,Coca-Cola: The Fan Movie,2021,tt14740962,movie,https://m.media-amazon.com/images/M/MV5BYWUwYTYxZTctODE0MS00MWMzLWFhMjItYzI2ODc4Nzk2NDNiXkEyXkFqcGdeQXVyMTIxMjQ1MTM3._V1_SX300.jpg
86,Butt Detective The Movie: The Case Of The Courageous Curry + Mystery Of The Ladybug Ruins,2021,tt15101058,movie,https://m.media-amazon.com/images/M/MV5BYWYxNjkwOWItMTkxMS00MTRhLTkwMjUtZDZiMmYzYjg5MWZiXkEyXkFqcGdeQXVyMjQxNzY5NTc@._V1_SX300.jpg
87,2020: An 80's SCI-FI Movie,2021,tt15035122,movie,https://m.media-amazon.com/images/M/MV5BYjMwNDFhMWMtZjYzMi00ZTdjLTgyOTktNGViYTg0MmQ5OWI3XkEyXkFqcGdeQXVyNTA3NDU1Njg@._V1_SX300.jpg
88,Matthew and Edgar's Camping Adventure: The Movie,2021,tt14906854,movie,N/A
89,LegitGianni: The Movie,2021,tt14949062,movie,https://m.media-amazon.com/images/M/MV5BN2Y2YmJlMDgtNmJlMS00YmFlLWIyYmMtZmNlOTlkZWFkY2M3XkEyXkFqcGdeQXVyODI1MDg4MzI@._V1_SX300.jpg
90,Soreike! Anpanman The Movie: Fluffy Fuwari And The Cloud Country,2021,tt14965490,movie,https://m.media-amazon.com/images/M/MV5BY2M2Nzk2ZWUtNDZjNi00MzFiLTg4NDUtZGZiZWRmMWZmYWEzXkEyXkFqcGdeQXVyMTI5ODcyMDAw._V1_SX300.jpg
91,Road Trippin: The Movie,2021,tt14993710,movie,https://m.media-amazon.com/images/M/MV5BMTg2YTkzNTItNDM3YS00ZmE3LThhNzAtMWU4OTVmNWEyNTE2XkEyXkFqcGdeQXVyMjIyOTk2MzE@._V1_SX300.jpg
92,Draeden Dorr: The Movie,2021,tt15123878,movie,https://m.media-amazon.com/images/M/MV5BZDhlOTg2ZDQtYmI0ZS00NDA3LWE3YzQtZjliMTY4NzlkYzEzXkEyXkFqcGdeQXVyMTIyNTYzMTI0._V1_SX300.jpg
93,The Jack Ruhl Show: The Movie,2021,tt15126948,movie,https://m.media-amazon.com/images/M/MV5BZDIwNDlkNWItN2EyOS00YWM2LTlmY2YtNTQyOTM1OTg0YTAzXkEyXkFqcGdeQXVyOTUzMjY4NjQ@._V1_SX300.jpg
94,Bentley the Movie,2021,tt15132578,movie,N/A
95,TCFF Movie Trivia Night!,2021,tt15132816,movie,N/A
96,The APSI Farewell Movie - 2020,2021,tt15140336,movie,https://m.media-amazon.com/images/M/MV5BMzkwZDEwZjQtM2E2MC00MjdiLWI4ODUtYzhhNmI2MDVhNTljXkEyXkFqcGdeQXVyMTM1MDA2NTM2._V1_SX300.jpg
97,The GiovanniLoud Movie,2021,tt15168294,movie,N/A
98,The Mighty Six Movie,2021,tt15170304,movie,https://m.media-amazon.com/images/M/MV5BODJiZDNiYTItMjAzMC00MTNhLTllNWYtYWY1N2YyMWVkMmUwXkEyXkFqcGdeQXVyMTI4ODI2MzIy._V1_SX300.jpg
99,Opera Roots: Our Very BIG Movie!,2021,tt14142214,movie,https://m.media-amazon.com/images/M/MV5BNDQ0Y2UyMmQtYzM4MS00YTA4LWJiNzYtOGI1NjAxMWMyNDU0XkEyXkFqcGdeQXVyMTI5NDg2MTY4._V1_SX300.jpg
100,Nick and Ellis: The Movie,2021,tt14154886,movie,https://m.media-amazon.com/images/M/MV5BNTVmMTYyYmEtNzZmYi00Y2VhLTllMGQtMDFiNWE0MTU0NGQyXkEyXkFqcGdeQXVyOTg1MDIwNTQ@._V1_SX300.jpg
101,Starters the Movie: Part 2,2021,tt14208698,movie,https://m.media-amazon.com/images/M/MV5BYmEyM2NiZDYtZWMzZS00NTA3LWJjMTQtNjY3NGMwYTc0OGZhXkEyXkFqcGdeQXVyOTg1MDIwNTQ@._V1_SX300.jpg
102,Monopoly Money: The Movie,2021,tt14213176,movie,https://m.media-amazon.com/images/M/MV5BMTgyMDdmYTEtZDEyYS00ZWE4LWJmNmUtMWY0YjljNzhiZmRiXkEyXkFqcGdeQXVyMTMwMjMxNDMw._V1_SX300.jpg
103,Fuck Child Support the Animated Movie,2021,tt14222784,movie,https://m.media-amazon.com/images/M/MV5BOWMxOTE4OWQtYzM3Zi00OTc1LThhNjQtNmM2NWEzNzJjMDg2XkEyXkFqcGdeQXVyODk1MTc1OTQ@._V1_SX300.jpg
104,Gareth: The Movie,2021,tt14252818,movie,N/A
105,Let's Make a Movie,2021,tt13971146,movie,https://m.media-amazon.com/images/M/MV5BZGRjYzczMDEtYjRjYS00NGIzLTllZTItZGFiMjFlNjM1MjQ0XkEyXkFqcGdeQXVyNjgxMTg3NjQ@._V1_SX300.jpg
106,Family Movie Night: Little Red Bronana Bread,2021,tt13972128,movie,N/A
107,MooN: The Movie,2021,tt13988730,movie,https://m.media-amazon.com/images/M/MV5BMjU0YzliY2EtNjM3Ny00YWYwLWI3MGEtYzBjMDNjNjQ1ODM2XkEyXkFqcGdeQXVyMTI5MTYyMzQ5._V1_SX300.jpg
108,Retribution the Movie,2021,tt13989486,movie,https://m.media-amazon.com/images/M/MV5BMTVmZWY2NWMtY2Q3Yi00ZmVkLWIzYjEtYTAyMWRmYmY4NjRkXkEyXkFqcGdeQXVyMzYxNDMwNTU@._V1_SX300.jpg
109,A movie about Amnesia (Temporary Name),2021,tt14004612,movie,N/A
110,Radio - the movie,2021,tt14009254,movie,N/A
111,Blame Movie,2021,tt14029870,movie,https://m.media-amazon.com/images/M/MV5BY2ZmZmZiMjAtNDllZC00ZjMxLWEzZWQtZDRlZTFkYTU5MjdiXkEyXkFqcGdeQXVyMzQyNzI1NTQ@._V1_SX300.jpg
112,La Petite Mort or Falling for A Movie Star,2021,tt14599948,movie,https://m.media-amazon.com/images/M/MV5BYzZhY2I2NjEtOTY1Ny00YjAyLTg5NDMtMDZhM2FmMDJhMDk2XkEyXkFqcGdeQXVyOTgxMjI3NQ@@._V1_SX300.jpg
113,Mr. McMolyne's Huge Movie,2021,tt14532562,movie,https://m.media-amazon.com/images/M/MV5BNmI0MGZmZTQtZjZmNS00OTBkLThiMTQtY2VjYTMyNDkzMzAzXkEyXkFqcGdeQXVyNzYxODMwMjc@._V1_SX300.jpg
114,"Two Superheroes, a Villain, and a Baby - The Movie",2021,tt14056498,movie,https://m.media-amazon.com/images/M/MV5BZTI0OTc3MDktMWZkZS00OWYxLWJjZDMtMWNmNjgwOWM5NDE5XkEyXkFqcGdeQXVyNzIzNjA5Nzk@._V1_SX300.jpg
115,Living in a Movie,2021,tt14302602,movie,https://m.media-amazon.com/images/M/MV5BZTc2NGM2NzItNzQyNS00ZDYzLThhNTQtZDBkY2MyYjU1NWNjXkEyXkFqcGdeQXVyMzc4MzAwMzU@._V1_SX300.jpg
116,Glossier's Lash Slick: The Movie,2021,tt14316940,movie,N/A
117,A Chat Movie,2021,tt14348770,movie,https://m.media-amazon.com/images/M/MV5BZmVmYmZjNDgtYTU1YS00YzFmLWJmMjMtMjA5YThhNDU1YWVmXkEyXkFqcGdeQXVyOTEzMTM0ODE@._V1_SX300.jpg
118,I Feel Cold (Berdeneh the Movie),2021,tt14362740,movie,https://m.media-amazon.com/images/M/MV5BOTYwZTJmNjEtYTUyOC00NzE4LThlNDgtNzhhZWEyMTM1NDhhXkEyXkFqcGdeQXVyMTE0Mjg1NjA3._V1_SX300.jpg
119,The Keymaster Movie,2021,tt14372230,movie,N/A
120,6 Shots the Movie,2021,tt14375604,movie,https://m.media-amazon.com/images/M/MV5BYjRlNGU1ZmItYmQyMS00OTk4LTg0NjAtNjhjNjA5NWIxZGMwXkEyXkFqcGdeQXVyNjEyNzE0OTk@._V1_SX300.jpg
121,The Jayden Marcelin Room Movie,2021,tt14408010,movie,https://m.media-amazon.com/images/M/MV5BYjI3MjM0ZjctODc2Ny00NmQ3LTk5YTYtY2Y5NjQ4YzAzYWU2XkEyXkFqcGdeQXVyMTIzNjU2OTM2._V1_SX300.jpg
122,Hood Movie,2021,tt14468840,movie,https://m.media-amazon.com/images/M/MV5BZmVhOTkxMDItMTVmMS00MTBhLWEyZGUtY2M4NDhjYjdlY2ZiXkEyXkFqcGdeQXVyNDczNjUyNDU@._V1_SX300.jpg
123,The Audition the Stage Play the TV Movie,2021,tt14477502,movie,N/A
124,Deception and Lies(the movie),2021,tt13756374,movie,https://m.media-amazon.com/images/M/MV5BNDlmMjAzMWItOGU4MS00ZDE0LWI0NTEtOTM4ZjI3MzY2ZWY3XkEyXkFqcGdeQXVyOTQ3NTM0Ng@@._V1_SX300.jpg
125,Mad Therapy Session the TV Movie,2021,tt13773762,movie,N/A
126,The Marriage Affair the TV Movie,2021,tt13779508,movie,N/A
127,Movie Bug's Blu-ray Collection 2021,2021,tt13806820,movie,N/A
128,How We Made A Low Budget Movie,2021,tt13838478,movie,https://m.media-amazon.com/images/M/MV5BMzkwNDBmMjEtNWY0Ni00OGMxLTk1MTYtMjgyNjYwYmUxZGUxXkEyXkFqcGdeQXVyMjAwMzc0NTY@._V1_SX300.jpg
129,Scary Paranormal Movie,2021,tt13875996,movie,https://m.media-amazon.com/images/M/MV5BM2NiMTJiZGQtZjFmNy00YmJmLTk3OWUtN2IxOTczNjliZTVmXkEyXkFqcGdeQXVyNTgzNDgwOTI@._V1_SX300.jpg
130,Radio - the movie,2021,tt13905650,movie,https://m.media-amazon.com/images/M/MV5BOTQ4YmJjYTgtZGYxMC00Y2YwLWE5ZTEtMTJhODYzZGRhNjczXkEyXkFqcGdeQXVyMTI4NjkwODQx._V1_SX300.jpg
131,Radio - the movie,2021,tt13918878,movie,N/A
132,YouTube Poop: The Movie,2021,tt13716174,movie,N/A
133,John Chambers's Small's World the Stage Play TV Movie,2021,tt13515506,movie,N/A
134,Fin Burn's CourtHouse Banter the Stage Play TV Movie,2021,tt13598020,movie,N/A
135,Thom Goddard's There Can Be Only One the Stage Play TV Movie,2021,tt13598640,movie,N/A
136,Light Sleeper: The Midlife Movie,2021,tt13599914,movie,https://m.media-amazon.com/images/M/MV5BN2E3YmFmNmItZmVlOS00NDY0LTk3ZDMtYzQ4YWNkMzg0ZGRhXkEyXkFqcGdeQXVyMTY1MTcxMzc@._V1_SX300.jpg
137,The Eye's of A Woman and Man 2020 TV Movie,2021,tt13224514,movie,https://m.media-amazon.com/images/M/MV5BYzkxZjg4NjItZjYwYS00NGUzLWE0MWEtZGNhMjNkMjJlMjY3XkEyXkFqcGdeQXVyMTE0MzU2NzQ2._V1_SX300.jpg
138,"Serenity Farm, the Movie",2021,tt13286110,movie,https://m.media-amazon.com/images/M/MV5BNGE3ZmFlNWUtZGE5NS00YmNjLThlMDQtYTMzYmFhNDQ3YmE0XkEyXkFqcGdeQXVyODQ5MzQ5Ng@@._V1_SX300.jpg
139,The Stalking Investigators Movie,2021,tt13153938,movie,N/A
140,2020: The Movie,2021,tt13409450,movie,https://m.media-amazon.com/images/M/MV5BOGE0YmYwODctZTk4OC00ZjU2LThlYzUtZjc0ZjY0YWUwMGZjXkEyXkFqcGdeQXVyODg2OTU4MDM@._V1_SX300.jpg
141,The Men's Group the TV Movie,2021,tt13456456,movie,N/A
142,The Real Movie: Indiecency Rehearsal,2021,tt13530706,movie,https://m.media-amazon.com/images/M/MV5BOTlkMzkwMDctMDY5OS00MWRkLWI3NDYtMGE1MTljNGM1ZjU0XkEyXkFqcGdeQXVyNjc4NDk5ODY@._V1_SX300.jpg
143,Antonia: The Movie,2021,tt13533880,movie,https://m.media-amazon.com/images/M/MV5BZjA1ZTk2MDQtMjY2Yi00M2RmLTlmZWUtNmE2MjVmMTgyZTgzXkEyXkFqcGdeQXVyMTAyOTg1NDkz._V1_SX300.jpg
144,The Eric Movie,2021,tt13581572,movie,https://m.media-amazon.com/images/M/MV5BYTAwNWM1YzEtMzgwYS00NzZiLWEzZWMtZjdlMTBkYmJkYmVkXkEyXkFqcGdeQXVyMTIxOTcwODYz._V1_SX300.jpg
145,The Bruised Spring's Teens: The Movie?,2021,tt13581594,movie,https://m.media-amazon.com/images/M/MV5BZDYwOGUyODYtNjNkNC00MDUzLTk0MzYtZjMxZWI5ODVlNjUwXkEyXkFqcGdeQXVyNTM3NzY2NDA@._V1_SX300.jpg
146,O! Melodious Movie: Side 1,2021,tt12439944,movie,https://m.media-amazon.com/images/M/MV5BMDFhNDI5ODYtMDU5OC00NGZhLTg1MzItMDRiNWFjMTRjZGM0XkEyXkFqcGdeQXVyMTE4NjAwNjQy._V1_SX300.jpg
147,EAS Scenario: The Movie,2021,tt12449616,movie,N/A
148,The Emissaries Movie,2021,tt12483500,movie,https://m.media-amazon.com/images/M/MV5BODU2NDA4NWUtOTA5NS00NzY2LTg2YjMtMTQyYWY4YWZhMDZmXkEyXkFqcGdeQXVyMTE2NjY1MzQ1._V1_SX300.jpg
149,The Little Einsteins Reboot Movie,2021,tt12391868,movie,https://m.media-amazon.com/images/M/MV5BYTRiOTE0YmMtYjNlOS00YzRlLWI5YjAtNmJhYmRhMzFiNzA2XkEyXkFqcGdeQXVyNjc1MjM1MzI@._V1_SX300.jpg
150,Untitled Bowling Alley Movie,2021,tt11859182,movie,N/A
151,"Hungover, Miserable, and Driven Or: How A Couple of Soldiers Decided to Stop Hating Life and Make A Movie",2021,tt11863370,movie,https://m.media-amazon.com/images/M/MV5BYjJhZDE1OWMtMzUzNi00MDVmLWJkY2YtZmI1MzdkNzljMGQxXkEyXkFqcGdeQXVyNzI0Mzg0OTM@._V1_SX300.jpg
152,Liston: The Movie,2021,tt12098370,movie,N/A
153,The Helgason Movie,2021,tt12158090,movie,https://m.media-amazon.com/images/M/MV5BNDdjZTBlNmMtNTMxZC00NmYwLThhYzgtODBhOTFhMWE0OGY5XkEyXkFqcGdeQXVyODQ1Mzg2MjQ@._V1_SX300.jpg
154,The Big Church Movie,2021,tt12205350,movie,N/A
155,The JayShow Movie,2021,tt12275108,movie,https://m.media-amazon.com/images/M/MV5BZGJiODRkYTAtMzQ1Ni00MWNjLTljZmMtYmZjOTVmODExMGI0XkEyXkFqcGdeQXVyODU0NTM4NjU@._V1_SX300.jpg
156,The Super Animated Movie,2021,tt12291978,movie,https://m.media-amazon.com/images/M/MV5BMGI1ZWU0YzMtMGFmYy00NWQ2LWJkOGItNTNjMGZmNWI2NTZlXkEyXkFqcGdeQXVyMTEzODQxNzQ1._V1_SX300.jpg
157,Ubiquitas the Movie,2021,tt11272796,movie,N/A
158,Black & White Christmas Movie,2021,tt11344704,movie,https://m.media-amazon.com/images/M/MV5BYmZlMGVlNzUtMDhmYy00OTdhLWI0MjEtOTJlNDMxMTQ0NzUyXkEyXkFqcGdeQXVyOTQzNzA2NjM@._V1_SX300.jpg
159,Tom Six and the Insanity of Making Another Movie,2021,tt3384930,movie,https://m.media-amazon.com/images/M/MV5BNGM5ODNiODMtZjcwOC00MGUzLThkZjUtZmZjNzEwMzVkMzkzXkEyXkFqcGdeQXVyMTU5NDUwMzE@._V1_SX300.jpg
160,Si Juki: The Movie - Harta Pulau Monyet,2021,tt10640084,movie,https://m.media-amazon.com/images/M/MV5BMjdhOGM0YzQtNTQyMC00MmQ2LWE3NTktYmRmMmUyNjEyZDk0XkEyXkFqcGdeQXVyNzY4NDQzNTg@._V1_SX300.jpg
161,The Simpsons Movie 2,2021,tt10071176,movie,https://m.media-amazon.com/images/M/MV5BMzkyODZkYjYtMzJjOC00NTU2LWJlZTMtOGE3MTk2NzMwZjZkXkEyXkFqcGdeQXVyODk1MjAxNzQ@._V1_SX300.jpg
162,Cars and Coffee Movie,2021,tt10275878,movie,https://m.media-amazon.com/images/M/MV5BZmM4ODA3NDAtM2NmOC00Njk0LWFiZGUtNGZkMDM1YTIwZmU2XkEyXkFqcGdeQXVyMTQxNTQ5NDc@._V1_SX300.jpg
163,Vecinos: The Movie,2021,tt10333474,movie,https://m.media-amazon.com/images/M/MV5BMTMxYTE5YTEtM2M4Zi00MDU1LTlhZDEtNzcwZGE5ZmZhYzk3XkEyXkFqcGdeQXVyODgwMTIxMDQ@._V1_SX300.jpg
164,The Greydis and Aunjolie Movie,2021,tt15461298,movie,N/A
165,The Keyon Movie,2021,tt15471982,movie,N/A
166,Lamp the Movie (That Really Shouldn't Exist); *A Dracula Film,2021,tt15678602,movie,https://m.media-amazon.com/images/M/MV5BMWVhNjk4NzgtMWZjMi00OWM2LWIyNzItNzlhOWE3M2ZjN2I4XkEyXkFqcGdeQXVyMTMwNzQyODk4._V1_SX300.jpg
167,It Takes Two Movie,2021,tt15686244,movie,N/A
168,Get Lost the movie,2021,tt15700566,movie,N/A
169,Outsider: The Movie,2021,tt15719914,movie,N/A
170,Chet & Ripley (Full Movie),2021,tt15791940,movie,N/A
171,The Worst Movie Ever Made,2021,tt15815502,movie,https://m.media-amazon.com/images/M/MV5BYzRhNzNmNDctODc3My00MmUzLThmYjktYzJhNDE1ODY4MTZiXkEyXkFqcGdeQXVyMTEwMzgyNDY0._V1_SX300.jpg
172,My (unauthorized) Hallmark Movie Musical,2021,tt16077696,movie,https://m.media-amazon.com/images/M/MV5BYmExMzU3ODEtNmY4NC00YTg2LThhMDMtZTI4MzQ4NGViNDA4XkEyXkFqcGdeQXVyNjM2ODU3MTc@._V1_SX300.jpg
173,Industry Innovators (the movie),2021,tt15893342,movie,https://m.media-amazon.com/images/M/MV5BZjgxYWZhMTItZDE5Ny00ZDRiLWEyYTItNmI1YTU0M2JiM2NmXkEyXkFqcGdeQXVyNTY4MzEyMQ@@._V1_SX300.jpg
174,Sumikko Gurashi The Movie: The Magical Child Of The Blue Moonlit Night,2021,tt16022372,movie,N/A
175,"Senseless, the Movie 2021",2021,tt16124436,movie,https://m.media-amazon.com/images/M/MV5BNTMxNGJmZGQtODA2MS00YzUyLTgwYTgtYzNmZmI5ZDI3OTdhXkEyXkFqcGdeQXVyNTA4NzQxMzY@._V1_SX300.jpg
176,The Mescal Movie Set: Behind the Scenes of Iconic Westerns,2021,tt16257326,movie,https://m.media-amazon.com/images/M/MV5BMTdmZDVkNzItYjhlOS00ZDRkLThlNzMtNWM4MTczNDVhOTRhXkEyXkFqcGdeQXVyMzEyMjc3Mg@@._V1_SX300.jpg
177,A Movie is Born,2021,tt15329590,movie,https://m.media-amazon.com/images/M/MV5BNWUyZTdjNjQtYTg2Ny00M2IxLWJkYTQtNjkwYjU5YTI1NzAzXkEyXkFqcGdeQXVyMTA0NjEwMzkw._V1_SX300.jpg
178,We're Trying to Make a G*ddamn Movie Here!,2021,tt15332288,movie,N/A
179,37: The Movie,2021,tt15222328,movie,N/A
180,One Woman Movie,2021,tt15238142,movie,https://m.media-amazon.com/images/M/MV5BMTQ3ZThmMTctN2U2ZC00NGYwLTk2NDAtY2IzNDdkZGU0MjIzXkEyXkFqcGdeQXVyMjUyMzQ3NTY@._V1_SX300.jpg
181,Silent Movie Renaissance,2021,tt15242656,movie,https://m.media-amazon.com/images/M/MV5BYjlkNmRkZDctMWVmNC00YTkxLTk5OGUtMmI0ZTdhZTcxN2RkXkEyXkFqcGdeQXVyOTI4NzcxNjY@._V1_SX300.jpg
182,Lofi Cherokee: The Movie,2021,tt15289146,movie,https://m.media-amazon.com/images/M/MV5BY2I3ZTNmZDYtNzA0ZC00ZDExLTlmMGItNTA0NWM5ZTU4NzkxXkEyXkFqcGdeQXVyMjI0NjYyMTU@._V1_SX300.jpg
183,Journey - The Movie,2021,tt15440520,movie,N/A
184,Movie Night,2021,tt15398900,movie,https://m.media-amazon.com/images/M/MV5BZGQ5NGQzODMtNDBjZS00YTY5LWJmMmYtOTkwNDdkNjQzMjBmXkEyXkFqcGdeQXVyMzQ0MDMzNTQ@._V1_SX300.jpg
185,You're Fucking Welcome the Movie,2021,tt15421512,movie,https://m.media-amazon.com/images/M/MV5BODlhYjJlMmMtYTdiYi00OTczLWFjNGEtM2NjZWRhMDk3YzgyXkEyXkFqcGdeQXVyMTk0MTEzMzk@._V1_SX300.jpg
186,Mommy Lounge Show Podcast Movie,2021,tt15517224,movie,https://m.media-amazon.com/images/M/MV5BNzA0Njk4OTAtNGEwZC00ZTA4LTkzNjgtZjEzNWUwNzMyOGFlXkEyXkFqcGdeQXVyOTM0MDQyNzI@._V1_SX300.jpg
187,The Novel Movie,2021,tt15527956,movie,https://m.media-amazon.com/images/M/MV5BMmUyZjhkNjYtOGZhOS00MTAwLTk3MmItNTJkOTZkYTk2MjhmXkEyXkFqcGdeQXVyNjUxNzcwOTM@._V1_SX300.jpg
188,By Any Means the Movie,2021,tt15532608,movie,N/A
189,Dora Gets Grounded the Movie 2,2021,tt15545816,movie,N/A
190,Trust the mini movie,2021,tt15550598,movie,https://m.media-amazon.com/images/M/MV5BMzMzMjAzNmItMTUzYS00Y2I2LTgyYzYtN2Y3ODhlNTY0YTYwXkEyXkFqcGdeQXVyMTEyNjg2NjE2._V1_SX300.jpg
191,The Truck Driver Movie,2021,tt15554334,movie,https://m.media-amazon.com/images/M/MV5BOGU0NThjOGItM2MzZS00MTk0LWE0YTItNGFlZjk3ODNlMDU5XkEyXkFqcGdeQXVyMjI5Mzc1OTQ@._V1_SX300.jpg
192,I'M sorry horror movie 2021,2021,tt22489062,movie,https://m.media-amazon.com/images/M/MV5BYjk0ZWU3MDItNDBlZC00NDRkLThlNzctYmU3YjRhNmU2ZTAyXkEyXkFqcGdeQXVyMTU2OTY4MDkx._V1_SX300.jpg
193,Karate Combat the Movie,2021,tt23186864,movie,N/A
194,The most senseless movie,2021,tt23664690,movie,N/A
195,Bridge Worm: The Minecraft Movie,2021,tt23769440,movie,https://m.media-amazon.com/images/M/MV5BOTIyZWNmYjktYzllYy00YmM0LWIwYmUtYjBhNTE1ZmI3NWM4XkEyXkFqcGdeQXVyNzc1MDM4NDg@._V1_SX300.jpg
196,Drone Movie: Top View,2021,tt23985996,movie,https://m.media-amazon.com/images/M/MV5BNGY4YzE2ZWEtODMxYi00ZTZiLTk1YWMtYWFiZmU4NmZlYmY5XkEyXkFqcGc@._V1_SX300.jpg
197,Gramma and Ginga: The Movie,2021,tt25146956,movie,https://m.media-amazon.com/images/M/MV5BYzFkYzE1NTMtZDc3Zi00OWI3LWFhNWYtZWQ1ZWE3ZmU1MDQ4XkEyXkFqcGdeQXVyNzY3MDUzOA@@._V1_SX300.jpg
198,Davemadson the Movie: The Evil Beings Strike Back,2021,tt26451308,movie,https://m.media-amazon.com/images/M/MV5BN2M0YTI0YTctYThiOS00M2E3LWFiZjYtZDM5MjNlODRlY2QyXkEyXkFqcGdeQXVyNTQ1MzU0Nzc@._V1_SX300.jpg
199,Magical Adventures: A Reagans Room Movie,2021,tt27050886,movie,https://m.media-amazon.com/images/M/MV5BOWZmYTZhNjctYWE1Yy00ZWQ3LWJjYjItNDc5NmEyMzJlZDk5XkEyXkFqcGdeQXVyMTUxNTk0NTU4._V1_SX300.jpg
200,Odluka: Interactive movie,2021,tt27624788,movie,https://m.media-amazon.com/images/M/MV5BOTk2NjUxZmItNGE1NS00Zjc5LTlkZjYtZTljMmIzYTcwYmUzXkEyXkFqcGdeQXVyMjk2MjEwMjE@._V1_SX300.jpg
201,Loyalty the Movie,2021,tt27692155,movie,https://m.media-amazon.com/images/M/MV5BMDc2YTQ4MzktMmI3Ni00YmQ2LWIzZDAtNmU1MjBkMTM1NTZkXkEyXkFqcGdeQXVyMTY0Njk5MTM3._V1_SX300.jpg
202,Skunk Ape Unit: The Movie,2021,tt27897397,movie,N/A
203,#093 PAW Patrol: The Movie (2021),2021,tt27937572,movie,N/A
204,Miruku no Kebin: The Movie,2021,tt28020052,movie,https://m.media-amazon.com/images/M/MV5BMTRkN2E4OGQtODUzZS00MTRkLThkNTctNmVjOGU4YTlkMzNkXkEyXkFqcGdeQXVyMTI2MzMwNTQw._V1_SX300.jpg
205,Nickelodeon 3DS Movie Maker,2021,tt28324043,movie,https://m.media-amazon.com/images/M/MV5BNjZlNjg1YjAtMGZlMy00Y2ZmLWEwODQtMDc3MDJkODU0ZTNlXkEyXkFqcGdeQXVyMTQ0NTgzMjQx._V1_SX300.jpg
206,"Dark bricks movie (Mx player), Kutukit Add",2021,tt28433462,movie,N/A
207,Turnaroundz: Da Movie,2021,tt28687193,movie,N/A
208,Untitled Meme Movie 2: All of It Is Messed Up,2021,tt28911723,movie,N/A
209,Finding Love in Quarantine: The Movie,2021,tt30227186,movie,N/A
210,ACR the Movie: Return of the Red Jacket,2021,tt31323558,movie,https://m.media-amazon.com/images/M/MV5BZDZlOGIzMjItZWU4Mi00YTE3LWFhYTktYzMwOTkwZTc1YzA3XkEyXkFqcGdeQXVyMTc3NDU1NDc5._V1_SX300.jpg
211,Carl - A Candle in the Dark - The Movie,2021,tt32150732,movie,https://m.media-amazon.com/images/M/MV5BNTcwODQzM2ItNWYxMi00ZWM3LTg4YTAtYjgwZjc1YTdlNzY0XkEyXkFqcGdeQXVyODY3ODAzMzc@._V1_SX300.jpg
212,The Search for Planet X - The 3-Hour Movie Epic,2021,tt32159898,movie,https://m.media-amazon.com/images/M/MV5BOGQ3ODA5ZjEtMzk0Yi00YjkxLWJmYzctMWY3NTg2Njc3ZmQ5XkEyXkFqcGdeQXVyODY3ODAzMzc@._V1_SX300.jpg
213,Crossover - The Movie - Life is Eternal,2021,tt32159942,movie,https://m.media-amazon.com/images/M/MV5BNGI1NTNkYmYtNGYwNC00MTFjLWJjYzEtY2QxMTA5MmMxZDNkXkEyXkFqcGdeQXVyODY3ODAzMzc@._V1_SX300.jpg
214,World Bank World Power - The Movie,2021,tt32160233,movie,https://m.media-amazon.com/images/M/MV5BNGM3YjM5ZTctMGM0Zi00MTA2LWIyODgtN2YwZmEwODg5M2E0XkEyXkFqcGdeQXVyODY3ODAzMzc@._V1_SX300.jpg
215,Watergeist - Apocalypse Now - The Movie,2021,tt32160315,movie,https://m.media-amazon.com/images/M/MV5BMjc3ZDdjOGUtZGI1Mi00Y2RlLThjYjQtMzNkOGRkZjdkYzAzXkEyXkFqcGdeQXVyODY3ODAzMzc@._V1_SX300.jpg
216,The Stupidest Movie Ever Made: Drinking the Drink of Surf II,2021,tt32740928,movie,N/A
217,The Least Ghastly Bloody War Movie Ever Made,2021,tt16914754,movie,https://m.media-amazon.com/images/M/MV5BNWZlZTE1YWYtZTE5OS00YzU4LWI0ZTgtNWFkY2QwNjliNGUxXkEyXkFqcGdeQXVyMTAxNTUxMzEz._V1_SX300.jpg
218,Street Light: The Movie,2021,tt17024132,movie,https://m.media-amazon.com/images/M/MV5BYTE0NmMyMmYtYThlYi00NjExLWFkNzctNzg1M2Q1YWM4ZmI4XkEyXkFqcGdeQXVyMTAwMjgyOTY4._V1_SX300.jpg
219,The Perfect Movie,2021,tt17493278,movie,https://m.media-amazon.com/images/M/MV5BMzY0ZjQzNmItNGVjMy00NDU4LWFkZmItMTNiMWYxZjY5YzgwXkEyXkFqcGdeQXVyNzk5NDMyMzQ@._V1_SX300.jpg
220,Another Holiday: The Movie,2021,tt18227496,movie,N/A
221,SNF Week 6 Preview: Seahawks vs Steelers (2021) Primetime Football & a Movie (Grudge Match),2021,tt18523546,movie,N/A
222,MSPT: The Movie,2021,tt19120166,movie,https://m.media-amazon.com/images/M/MV5BMGY4YTM4MmQtZWQ4Yy00ODM5LTg1MjgtNzAwNzgzZWFiOTM4XkEyXkFqcGdeQXVyMTUwNTkwNTI1._V1_SX300.jpg
223,The shabankables movie,2021,tt19364880,movie,https://m.media-amazon.com/images/M/MV5BNTdjMTYwN2UtNTMwZS00MmRlLWJjZTktNmQzMWI2YjhjNjM1XkEyXkFqcGdeQXVyMTQ2NjAzNTgz._V1_SX300.jpg
224,"Et Tu, Rob?: The Play: The Movie",2021,tt19389178,movie,https://m.media-amazon.com/images/M/MV5BYjY4ZGE1NDItOTgxMS00MmQxLTk1OWEtODY1MTA5ZDkzMjFlXkEyXkFqcGdeQXVyNDk3NzY5NzE@._V1_SX300.jpg
225,Horrible Movie. A Brief History of Russian Amateur Trash Horror Cinema,2021,tt19784362,movie,https://m.media-amazon.com/images/M/MV5BNWJhZmZhZDMtOGU5MS00MzVkLWEwN2ItOGU1YWViMmM2Y2IzXkEyXkFqcGdeQXVyMTUyMjI0Njkx._V1_SX300.jpg
226,The SASS Movie,2021,tt19864182,movie,https://m.media-amazon.com/images/M/MV5BMGU0OTU3ZWQtNDg0OS00ZDliLWJhNjMtNjNiYTBlMjJmM2YwXkEyXkFqcGdeQXVyMTUyNDQwMDgz._V1_SX300.jpg
227,The Yellow Queen a road movie,2021,tt19889128,movie,https://m.media-amazon.com/images/M/MV5BYjExYTliMjgtMjI2Yi00ZDE1LThjNWUtNzU4MWFiM2NiZjdmXkEyXkFqcGdeQXVyMTI5NzA1ODI5._V1_SX300.jpg
228,90 Day Rule the movie,2021,tt20197040,movie,https://m.media-amazon.com/images/M/MV5BNjhjYzBlOTctOTdjMS00NmFhLWFmZDctOWRkMTA0YTI2YjM3XkEyXkFqcGdeQXVyOTkwMTY5ODM@._V1_SX300.jpg
229,Episode 48: Movie Review - The Cursed (2021) Don't F**k with Gypsies,2021,tt20252726,movie,https://m.media-amazon.com/images/M/MV5BZjNiMGMzZWItMmIxMS00YmNmLWFhNTAtYTcxOGIwMjlkZWNkXkEyXkFqcGdeQXVyMTUxMTcyMzYx._V1_SX300.jpg
230,Ultraman Sorta vs. Godzilla Starring Matt Frank: The Movie,2021,tt21198416,movie,https://m.media-amazon.com/images/M/MV5BYzk3ZTRjN2ItNzljMy00YmY5LWExYTgtODQwNmE5YTU2YTg5XkEyXkFqcGdeQXVyMTIyNjQ1OTMy._V1_SX300.jpg
231,Bombaster Letspley: The Movie,2021,tt21905664,movie,N/A
232,Super Tom: The Movie,2021,tt22326064,movie,N/A
233,The Joexian Mercado Movie: World's Largest Mcdonalds,2021,tt22382032,movie,N/A
234,Joexian and Nate: The Movie,2021,tt22457282,movie,N/A
235,Transformers Big Motion Movie,2021,tt16578864,movie,N/A
236,The Last Survival (Movie),2021,tt16711446,movie,N/A
237,The Last Survival (Movie),2021,tt16751328,movie,N/A
238,The Art Movie,2021,tt16290132,movie,https://m.media-amazon.com/images/M/MV5BYmY2NjJkZDEtYjYxMy00NDE4LTgwYjQtMmRhOWVmMmVkNGE0XkEyXkFqcGdeQXVyNDAxODc1Mjk@._V1_SX300.jpg
239,Screenplay Movie: Superman 1983: Collector of Worlds,2021,tt16354590,movie,https://m.media-amazon.com/images/M/MV5BY2NhMWViZmUtZTE2OS00NDUyLTk1MjktNjg5NjllN2I4ODg4XkEyXkFqcGdeQXVyMTQ2NTA1NTU0._V1_SX300.jpg
240,Screenplay Movie: Blood Ties,2021,tt16356500,movie,N/A
241,Screenplay Movie: Two Women,2021,tt16356626,movie,N/A
242,The Prank Movie Human Parts Saga,2021,tt16384078,movie,https://m.media-amazon.com/images/M/MV5BOGMzZDljMGQtMzMxMS00NGU2LTkwMzktNTllMThiMDkyNDRmXkEyXkFqcGdeQXVyMTQ2NzA1NDA4._V1_SX300.jpg
243,The Biker Movie,2021,tt16420054,movie,https://m.media-amazon.com/images/M/MV5BZjU4OWJkNTctNDE5NC00NTIwLWJjMGYtZjdjYTc1YTQ5NzMyXkEyXkFqcGdeQXVyMTc3NTczMw@@._V1_SX300.jpg
244,Mankai Movie 'A3!' -Spring & Summer-,2021,tt16427414,movie,https://m.media-amazon.com/images/M/MV5BYTE2ODI5YjYtM2M0Ny00NGU3LWI3NDMtNDhlYzRmZmM2ZDQ4XkEyXkFqcGdeQXVyMzEzMzY3Ng@@._V1_SX300.jpg
